ID;Cognome;Nome;Data di Nascita;Luogo di Nascita;CF;Cellulare;Email;Provenzienza;Destinazione;Indirizzo Domicilio;Data di Arrivo;Fine Quarantena;
121459;Agustin;Bella;16-08-2000;INDONESIA;GSTBLL00M56Z223L;3489177921;a-marco.garro@asp.sr.it;INDONESIA;SIRACUSA;;29-11-2020;12-12-2020;
121991;Ballarin;Daniela Susn;28-05-1967;STATI UNITI D'AMERICA;BLLDLS67E68Z404J;3348129768;a-marco.garro@asp.sr.it;STATI UNITI D'AMERICA;AUGUSTA;;04-12-2020;17-12-2020;
121697;Barcz;Weronika;28-10-2002;POLONIA;BRCWNK02R68Z127Y;793280090;a-marco.garro@asp.sr.it;POLONIA;SIRACUSA;;03-12-2020;16-12-2020;
121878;Basile;Camilla;13-03-2014;CATANIA;BSLCLL14C53C351W;0034 673492852;a-marco.garro@asp.sr.it;SPAGNA;AUGUSTA;;05-12-2020;18-12-2020;
121877;Basile;Giuseppe;12-11-1972;AUGUSTA;BSLGPP72S12A494G;0039 330544840;a-marco.garro@asp.sr.it;SPAGNA;AUGUSTA;;05-12-2020;18-12-2020;
121879;Basile;Rosario;17-05-2020;SPAGNA;BSLRSR20E17Z131Y;34673492852;a-marco.garro@asp.sr.it;SPAGNA;AUGUSTA;;05-12-2020;18-12-2020;
121500;Bifulco;Massimo;17-07-1973;NAPOLI;BFLMSM73L17F839F;3485347622;a-marco.garro@asp.sr.it;GRAN BRETAGNA E IRLANDA DEL NORD;SIRACUSA;;07-12-2020;20-12-2020;
121087;Bizarro;Carlos;17-11-1987;PORTOGALLO;BZRCLS87S17Z128D;926657417;a-marco.garro@asp.sr.it;PORTOGALLO;SIRACUSA;;29-11-2020;12-12-2020;
121363;Blaschke;Walter;12-12-1954;AUSTRIA;BLSWTR54T12Z102N;4,36647E+11;a-marco.garro@asp.sr.it;AUSTRIA;SIRACUSA;;12-12-2020;25-12-2020;
121361;Boscarino;Bruno;14-12-1966;CATANIA;BSCBRN66T14C351A;3388518894;a-marco.garro@asp.sr.it;PAESI BASSI;AUGUSTA;;28-11-2020;11-12-2020;
121587;Briffa;Giovanni;07-02-1960;SIRACUSA;BRFGNN60B07I754K;3921076233;a-marco.garro@asp.sr.it;POLONIA;SIRACUSA;;03-12-2020;16-12-2020;
121698;Buch;Natan;06-11-1995;POLONIA;BCHNTN95S06Z127A;664765498;a-marco.garro@asp.sr.it;POLONIA;SIRACUSA;;03-12-2020;16-12-2020;
121031;Cantarella;Giorgia;12-09-1985;SIRACUSA;CNTGRG85P52I754Y;3899591443;a-marco.garro@asp.sr.it;EMIRATI ARABI UNITI;SIRACUSA;;01-12-2020;14-12-2020;
121137;Canto;Grazia;03-06-1964;AVOLA;CNTGRZ64H43A522I;+49 152 23247439;a-marco.garro@asp.sr.it;GERMANIA;AVOLA;;01-12-2020;14-12-2020;
121085;Cardoso;Carlos;10-10-1957;PORTOGALLO;CRDCLS57R10Z128Z;916084674;a-marco.garro@asp.sr.it;PORTOGALLO;SIRACUSA;;29-11-2020;12-12-2020;
121618;Caruso;Monica;18-01-1999;CATANIA;CRSMNC99A58C351H;3661088548;a-marco.garro@asp.sr.it;GRAN BRETAGNA E IRLANDA DEL NORD;CARLENTINI;;05-12-2020;18-12-2020;
121323;Castilletti;Francesco;07-08-1991;SIRACUSA;CSTFNC91M07I754E;3801854350;a-marco.garro@asp.sr.it;SPAGNA;SIRACUSA;;27-11-2020;10-12-2020;
121007;CIRCO;ALFREDO GABRIELE;06-04-1987;AUGUSTA;CRCLRD87D06A494U;3475715393;a-marco.garro@asp.sr.it;STATI UNITI D'AMERICA;AUGUSTA;;27-11-2020;10-12-2020;
121476;Coffa;Anita;07-06-1964;AVOLA;CFFNTA64H47A522X;15751502587;a-marco.garro@asp.sr.it;GERMANIA;AVOLA;;01-12-2020;14-12-2020;
121651;Commendatore;Alessandro;28-11-1985;LENTINI;CMMLSN85S28E532X;3,93291E+11;a-marco.garro@asp.sr.it;CECA REPUBBLICA;LENTINI;;06-12-2020;19-12-2020;
121537;Corke;Jonathan;23-04-1987;AUSTRALIA;CRKJTH87D23Z700J;4,91749E+11;a-marco.garro@asp.sr.it;GERMANIA;SIRACUSA;;04-12-2020;17-12-2020;
121876;Cormaci;Federica;02-09-1979;AUGUSTA;CRMFRC79P42A494Q;0034 673492852;a-marco.garro@asp.sr.it;SPAGNA;AUGUSTA;;05-12-2020;18-12-2020;
121633;COSTANZO;CARMELO;11-11-1972;SOLARINO;CSTCML72S11I785Q;3,93206E+11;a-marco.garro@asp.sr.it;BELGIO;SOLARINO;;03-12-2020;16-12-2020;
121581;COSTANZO;CQARMELO;11-11-1982;SOLARINO;CSTCRM82S11I785J;3,93206E+11;a-marco.garro@asp.sr.it;BELGIO;SIRACUSA;;03-12-2020;16-12-2020;
121457;Cristauro;Mirko;11-03-1989;SIRACUSA;CRSMRK89C11I754H;3489177921;a-marco.garro@asp.sr.it;INDONESIA;SIRACUSA;;29-11-2020;12-12-2020;
121083;Cunha;Tiago;01-11-1988;PORTOGALLO;CNHTGI88S01Z128G;913482088;a-marco.garro@asp.sr.it;PORTOGALLO;SIRACUSA;;29-11-2020;12-12-2020;
121420;Davì;Denise;20-09-2001;SIRACUSA;DVADNS01P60I754R;3293281191;a-marco.garro@asp.sr.it;GRAN BRETAGNA E IRLANDA DEL NORD;FLORIDIA;;06-12-2020;19-12-2020;
121456;Fellner;Eric Nigel;10-10-1969;GRAN BRETAGNA E IRLANDA DEL NORD;FLLRNG69R10Z114K;7958132682;a-marco.garro@asp.sr.it;GRAN BRETAGNA E IRLANDA DEL NORD;SIRACUSA;;30-11-2020;13-12-2020;
121910;Garsia;Agata;24-12-1997;CATANIA;GRSGTA97T64C351F;3466280057;a-marco.garro@asp.sr.it;PAESI BASSI;AUGUSTA;;12-12-2020;25-12-2020;
121932;Georgescu;Andreea;28-09-1983;ROMANIA;GRGNDR83P68Z129A;40745070555;a-marco.garro@asp.sr.it;ROMANIA;SIRACUSA;;07-12-2020;20-12-2020;
121827;GIOE;chiara;03-11-1979;SIRACUSA;GIOCHR79S43I754C;615379537;a-marco.garro@asp.sr.it;PAESI BASSI;SIRACUSA;;05-12-2020;18-12-2020;
121891;Griscti;Steve;29-12-1983;MALTA;GRSSTV83T29Z121B;35699870194;a-marco.garro@asp.sr.it;MALTA;AUGUSTA;;04-12-2020;17-12-2020;
121653;GRUNER;HERMANN ANDREAS;06-12-1970;GERMANIA;GRNHMN70T06Z112L;4,91762E+12;a-marco.garro@asp.sr.it;GERMANIA;SIRACUSA;;04-12-2020;17-12-2020;
121411;Guglielmo;Roberta;18-06-1985;SIRACUSA;GGLRRT85H58I754R;3286695035;a-marco.garro@asp.sr.it;GRAN BRETAGNA E IRLANDA DEL NORD;SIRACUSA;;05-12-2020;18-12-2020;
121090;Makeyenka;Leanid;02-09-1971;BIELORUSSIA=RUSSIA BIANCA;MKYLND71P02Z139F;916404955;a-marco.garro@asp.sr.it;PORTOGALLO;SIRACUSA;;29-11-2020;12-12-2020;
121081;Makeyenka;Leanid;02-09-1971;PORTOGALLO;MKYLND71P02Z128C;916404955;a-marco.garro@asp.sr.it;PORTOGALLO;SIRACUSA;;29-11-2020;12-12-2020;
121353;Martorana Tusa;Elisabetta;18-05-1993;PALERMO;MRTLBT93E58G273F;3275485791;a-marco.garro@asp.sr.it;GRAN BRETAGNA E IRLANDA DEL NORD;SIRACUSA;;28-11-2020;11-12-2020;
121461;Migliore;Mariacristina;01-05-1991;AVOLA;MGLMCR91E41A522N;3,93466E+11;a-marco.garro@asp.sr.it;PORTOGALLO;AVOLA;;12-12-2020;25-12-2020;
121339;Molina Martínez;Miriam;05-05-1990;SPAGNA;MLNMRM90E45Z131A;656489397;a-marco.garro@asp.sr.it;SPAGNA;SIRACUSA;;30-11-2020;13-12-2020;
121927;Moretti;Giuseppe;30-03-1978;GALLARATE;MRTGPP78C30D869A;3389431734;a-marco.garro@asp.sr.it;MESSICO;SIRACUSA;;05-12-2020;18-12-2020;
121643;MOZZICATO;VINCENZO;15-03-1970;SIRACUSA;MZZVCN70C15I754Y;3,9339E+11;a-marco.garro@asp.sr.it;BELGIO;SIRACUSA;;15-12-2020;28-12-2020;
121078;Nitto;Sebastiano;25-07-1990;LAMEZIA TERME;NTTSST90L25M208W;3803815436;a-marco.garro@asp.sr.it;BELGIO;PRIOLO GARGALLO;;26-11-2020;09-12-2020;
121077;Nitto;Simone;20-01-1993;LAMEZIA TERME;NTTSMN93A20M208K;3318330337;a-marco.garro@asp.sr.it;BELGIO;PRIOLO GARGALLO;;26-11-2020;09-12-2020;
121088;Oliveira;Thiago;24-03-1993;BRASILE;LVRTHG93C24Z602E;937554568;a-marco.garro@asp.sr.it;PORTOGALLO;SIRACUSA;;29-11-2020;12-12-2020;
121000;Papaleo;Luigi;05-08-1979;MODICA;PPLLGU79M05F258D;17664910227;a-marco.garro@asp.sr.it;GERMANIA;SIRACUSA;;27-11-2020;10-12-2020;
121535;PAPPALARDO;GIUSEPPINA;28-04-1966;GERMANIA;PPPGPP66D68Z112Z;3914274327;a-marco.garro@asp.sr.it;GERMANIA;NOTO;;17-12-2020;30-12-2020;
121267;Passaro;Bagdat;09-08-1989;KAZAKISTAN;PSSBDT89M49Z152K;3456266241;a-marco.garro@asp.sr.it;KAZAKISTAN;AUGUSTA;;26-11-2020;09-12-2020;
121268;Passaro;Riccardo;07-03-2019;MILANO;PSSRCR19C07F205W;3456266241;a-marco.garro@asp.sr.it;KAZAKISTAN;AUGUSTA;;26-11-2020;09-12-2020;
121266;Passaro;Salvatore;18-01-1985;GELA;PSSSVT85A18D960A;3456266241;a-marco.garro@asp.sr.it;KAZAKISTAN;AUGUSTA;;26-11-2020;09-12-2020;
121237;Petralito;Emanuela;06-02-1991;RAGUSA;PTRMNL91B46H163E;4,90175E+12;a-marco.garro@asp.sr.it;GERMANIA;PACHINO;;29-11-2020;12-12-2020;
121922;prato;vincenzo;22-12-1982;AUGUSTA;PRTVCN82T22A494M;3713375811;a-marco.garro@asp.sr.it;AZERBAIGIAN;AUGUSTA;;04-12-2020;17-12-2020;
121585;Puglisi;Giuseppe;08-04-1967;PALERMO;PGLGPP67D08G273G;4,91575E+11;a-marco.garro@asp.sr.it;GERMANIA;AVOLA;;04-12-2020;17-12-2020;
121721;RACHELLE;DI PIETRO;10-02-1984;BORGOSESIA;RCHDTR84B50B041S;485538219;a-marco.garro@asp.sr.it;BELGIO;PACHINO;;05-12-2020;18-12-2020;
121001;Rizza;Carmelo;31-03-1981;MODICA;RZZCML81C31F258T;15145764270;a-marco.garro@asp.sr.it;GERMANIA;ROSOLINI;;27-11-2020;10-12-2020;
121868;ROBINSON;SARAH JANE CATHERINE;28-11-1969;GRAN BRETAGNA E IRLANDA DEL NORD;RBNSHJ69S68Z114N;7919695463;a-marco.garro@asp.sr.it;GRAN BRETAGNA E IRLANDA DEL NORD;NOTO;;07-12-2020;20-12-2020;
121864;Russo;Rosanna;05-03-1960;LENTINI;RSSRNN60C45E532U;957833867;a-marco.garro@asp.sr.it;IRLANDA-EIRE;CARLENTINI;;20-12-2020;02-01-2021;
121808;Sampirisi;Osvaldo;28-10-1950;NOTO;SMPSLD50R28F943B;4,91763E+12;a-marco.garro@asp.sr.it;GERMANIA;AVOLA;;06-12-2020;19-12-2020;
121086;Santos;Pedro;24-03-1974;PORTOGALLO;SNTPDR74C24Z128F;914943033;a-marco.garro@asp.sr.it;PORTOGALLO;SIRACUSA;;29-11-2020;12-12-2020;
121619;Sapienza;Luca;12-02-1985;SIRACUSA;SPNLCU85B12I754W;48572571500;a-marco.garro@asp.sr.it;POLONIA;SIRACUSA;;03-12-2020;16-12-2020;
121584;Sastri;Angela;22-09-1971;SIRACUSA;SSTNGL71P62I754Y;4,91575E+11;a-marco.garro@asp.sr.it;GERMANIA;AVOLA;;04-12-2020;17-12-2020;
121605;Scarano;Claudio;20-04-1960;ROMA;SCRCLD60D20H501Y;3926214115;a-marco.garro@asp.sr.it;KAZAKISTAN;SORTINO;;03-12-2020;16-12-2020;
121244;SCHIFITTO;MARIA;26-03-1973;NOTO;SCHMRA73C66F943E;3207234606;a-marco.garro@asp.sr.it;ISLANDA;PACHINO;;27-11-2020;10-12-2020;
121409;SIRACUSANO;FABRIZIO;21-06-1978;AUGUSTA;SRCFRZ78H21A494N;3,93664E+11;a-marco.garro@asp.sr.it;GRAN BRETAGNA E IRLANDA DEL NORD;SIRACUSA;;05-12-2020;18-12-2020;
121852;vella;vincenzo;06-05-1976;SIRACUSA;VLLVCN76E06I754U;+44 773606276;a-marco.garro@asp.sr.it;GRAN BRETAGNA E IRLANDA DEL NORD;SIRACUSA;;19-12-2020;01-01-2021;
121478;WILLIAMS;GREGORY;14-08-1972;GRAN BRETAGNA E IRLANDA DEL NORD;WLLGGR72M14Z114B;4,40777E+12;a-marco.garro@asp.sr.it;GRAN BRETAGNA E IRLANDA DEL NORD;SIRACUSA;;30-11-2020;13-12-2020;
121318;Wolfshohl-Wasmuth;Cornelia Margarete Irmgard;06-09-1949;GERMANIA;WLFCNL49P46Z112U;0049-1773040630;a-marco.garro@asp.sr.it;GERMANIA;NOTO;;29-11-2020;12-12-2020;
